MilestoneID,ProjectID,MilestoneName,PlannedDate,ActualDate,DelayDays,IsDelayedMilestone
M0001,P001,Milestone 1,2025-10-19,2025-11-11,23,1
M0002,P001,Milestone 2,2025-07-31,2025-08-17,17,1
M0003,P001,Milestone 3,2025-12-05,2025-12-18,13,1
M0004,P001,Milestone 4,2025-11-04,2025-12-04,30,1
M0005,P001,Milestone 5,2025-10-24,2025-11-11,18,1
M0006,P002,Milestone 1,2025-08-25,2025-09-02,8,1
M0007,P002,Milestone 2,2025-11-03,2025-11-05,2,1
M0008,P002,Milestone 3,2025-09-15,2025-09-18,3,1
M0009,P002,Milestone 4,2025-08-27,2025-09-04,8,1
M0010,P002,Milestone 5,2025-11-16,2025-11-18,2,1
M0011,P002,Milestone 6,2025-11-19,2025-11-26,7,1
M0012,P003,Milestone 1,2025-06-06,2025-06-10,4,1
M0013,P003,Milestone 2,2025-07-01,2025-07-03,2,1
M0014,P003,Milestone 3,2025-07-24,2025-07-24,0,0
M0015,P004,Milestone 1,2025-12-17,2025-12-20,3,1
M0016,P004,Milestone 2,2025-11-13,2025-11-18,5,1
M0017,P004,Milestone 3,2026-02-13,2026-02-16,3,1
M0018,P004,Milestone 4,2026-02-18,2026-02-19,1,1
M0019,P005,Milestone 1,2025-11-09,2025-11-09,0,0
M0020,P005,Milestone 2,2025-10-11,2025-10-11,0,0
M0021,P005,Milestone 3,2025-09-02,2025-09-02,0,0
M0022,P006,Milestone 1,2025-07-23,2025-07-29,6,1
M0023,P006,Milestone 2,2025-10-03,2025-10-14,11,1
M0024,P006,Milestone 3,2025-09-12,2025-09-24,12,1
M0025,P006,Milestone 4,2025-07-17,2025-07-31,14,1
M0026,P006,Milestone 5,2025-08-29,2025-09-17,19,1
M0027,P007,Milestone 1,2025-07-03,2025-07-03,0,0
M0028,P007,Milestone 2,2025-04-21,2025-04-21,0,0
M0029,P007,Milestone 3,2025-07-02,2025-07-02,0,0
M0030,P007,Milestone 4,2025-06-22,2025-06-22,0,0
M0031,P007,Milestone 5,2025-05-12,2025-05-12,0,0
M0032,P007,Milestone 6,2025-07-01,2025-07-01,0,0
M0033,P008,Milestone 1,2025-08-22,2025-08-22,0,0
M0034,P008,Milestone 2,2025-07-30,2025-07-30,0,0
M0035,P008,Milestone 3,2025-08-29,2025-08-29,0,0
M0036,P009,Milestone 1,2025-06-29,2025-06-29,0,0
M0037,P009,Milestone 2,2025-05-15,2025-05-15,0,0
M0038,P009,Milestone 3,2025-05-08,2025-05-08,0,0
M0039,P009,Milestone 4,2025-04-08,2025-04-08,0,0
M0040,P009,Milestone 5,2025-08-05,2025-08-05,0,0
M0041,P009,Milestone 6,2025-08-18,2025-08-18,0,0
M0042,P010,Milestone 1,2026-01-06,2026-01-06,0,0
M0043,P010,Milestone 2,2025-11-30,2025-11-30,0,0
M0044,P010,Milestone 3,2026-02-09,2026-02-09,0,0
M0045,P010,Milestone 4,2026-01-26,2026-01-26,0,0
M0046,P010,Milestone 5,2025-10-23,2025-10-23,0,0
M0047,P011,Milestone 1,2025-10-14,2025-10-14,0,0
M0048,P011,Milestone 2,2026-01-29,2026-01-29,0,0
M0049,P011,Milestone 3,2026-02-03,2026-02-03,0,0
M0050,P011,Milestone 4,2025-10-21,2025-10-21,0,0
M0051,P011,Milestone 5,2025-12-18,2025-12-18,0,0
M0052,P011,Milestone 6,2025-12-05,2025-12-05,0,0
M0053,P012,Milestone 1,2025-09-22,2025-09-22,0,0
M0054,P012,Milestone 2,2025-08-16,2025-08-16,0,0
M0055,P012,Milestone 3,2025-11-24,2025-11-24,0,0
M0056,P013,Milestone 1,2025-05-28,2025-05-28,0,0
M0057,P013,Milestone 2,2025-01-31,2025-01-31,0,0
M0058,P013,Milestone 3,2025-06-10,2025-06-10,0,0
M0059,P014,Milestone 1,2025-07-25,2025-07-27,2,1
M0060,P014,Milestone 2,2025-08-15,2025-08-25,10,1
M0061,P014,Milestone 3,2025-08-09,2025-08-18,9,1
M0062,P014,Milestone 4,2025-09-03,2025-09-06,3,1
M0063,P015,Milestone 1,2025-12-17,2025-12-28,11,1
M0064,P015,Milestone 2,2026-02-21,2026-03-17,24,1
M0065,P015,Milestone 3,2026-02-25,2026-03-10,13,1
M0066,P015,Milestone 4,2025-12-17,2025-12-30,13,1
M0067,P016,Milestone 1,2025-06-06,2025-06-06,0,0
M0068,P016,Milestone 2,2025-06-15,2025-06-15,0,0
M0069,P016,Milestone 3,2025-07-27,2025-07-27,0,0
M0070,P017,Milestone 1,2025-12-23,2025-12-23,0,0
M0071,P017,Milestone 2,2026-01-15,2026-01-15,0,0
M0072,P017,Milestone 3,2025-11-29,2025-11-29,0,0
M0073,P017,Milestone 4,2025-11-30,2025-11-30,0,0
M0074,P017,Milestone 5,2025-12-26,2025-12-26,0,0
M0075,P018,Milestone 1,2025-07-25,2025-07-25,0,0
M0076,P018,Milestone 2,2025-07-22,2025-07-22,0,0
M0077,P018,Milestone 3,2025-10-13,2025-10-13,0,0
M0078,P018,Milestone 4,2025-07-31,2025-07-31,0,0
M0079,P018,Milestone 5,2025-10-03,2025-10-03,0,0
M0080,P018,Milestone 6,2025-06-17,2025-06-17,0,0
M0081,P019,Milestone 1,2025-11-17,2025-11-22,5,1
M0082,P019,Milestone 2,2025-08-24,2025-08-27,3,1
M0083,P019,Milestone 3,2025-11-10,2025-11-20,10,1
M0084,P019,Milestone 4,2025-10-08,2025-10-12,4,1
M0085,P019,Milestone 5,2025-11-09,2025-11-20,11,1
M0086,P019,Milestone 6,2025-10-26,2025-10-26,0,0
M0087,P020,Milestone 1,2025-12-05,2025-12-05,0,0
M0088,P020,Milestone 2,2025-12-21,2025-12-21,0,0
M0089,P020,Milestone 3,2025-11-17,2025-11-17,0,0
M0090,P020,Milestone 4,2026-02-23,2026-02-23,0,0
M0091,P021,Milestone 1,2025-10-03,2025-10-11,8,1
M0092,P021,Milestone 2,2025-07-18,2025-07-30,12,1
M0093,P021,Milestone 3,2025-09-04,2025-09-11,7,1
M0094,P021,Milestone 4,2025-08-05,2025-08-16,11,1
M0095,P021,Milestone 5,2025-08-11,2025-08-15,4,1
M0096,P021,Milestone 6,2025-06-28,2025-07-12,14,1
M0097,P022,Milestone 1,2025-11-13,2025-11-13,0,0
M0098,P022,Milestone 2,2025-09-28,2025-09-28,0,0
M0099,P022,Milestone 3,2025-07-26,2025-07-26,0,0
M0100,P022,Milestone 4,2025-06-27,2025-06-27,0,0
M0101,P022,Milestone 5,2025-08-14,2025-08-14,0,0
M0102,P023,Milestone 1,2025-12-03,2025-12-10,7,1
M0103,P023,Milestone 2,2026-02-18,2026-03-03,13,1
M0104,P023,Milestone 3,2026-02-23,2026-03-08,13,1
M0105,P023,Milestone 4,2025-12-27,2026-01-01,5,1
M0106,P024,Milestone 1,2025-07-01,2025-07-01,0,0
M0107,P024,Milestone 2,2025-09-20,2025-09-20,0,0
M0108,P024,Milestone 3,2025-06-12,2025-06-12,0,0
M0109,P024,Milestone 4,2025-09-10,2025-09-10,0,0
M0110,P024,Milestone 5,2025-08-30,2025-08-30,0,0
M0111,P025,Milestone 1,2025-08-12,2025-08-25,13,1
M0112,P025,Milestone 2,2025-11-30,2025-11-30,0,0
M0113,P025,Milestone 3,2025-08-23,2025-09-01,9,1
M0114,P025,Milestone 4,2025-12-11,2025-12-16,5,1
M0115,P025,Milestone 5,2025-12-13,2025-12-27,14,1
M0116,P025,Milestone 6,2025-10-04,2025-10-04,0,0
M0117,P026,Milestone 1,2026-03-25,2026-04-05,11,1
M0118,P026,Milestone 2,2026-03-03,2026-03-16,13,1
M0119,P026,Milestone 3,2025-12-22,2026-01-04,13,1
M0120,P026,Milestone 4,2026-02-14,2026-02-25,11,1
M0121,P026,Milestone 5,2026-02-22,2026-02-23,1,1
M0122,P026,Milestone 6,2025-12-02,2025-12-05,3,1
M0123,P027,Milestone 1,2025-10-20,2025-10-30,10,1
M0124,P027,Milestone 2,2026-02-07,2026-02-08,1,1
M0125,P027,Milestone 3,2026-01-27,2026-02-05,9,1
M0126,P027,Milestone 4,2025-11-05,2025-11-12,7,1
M0127,P027,Milestone 5,2025-10-25,2025-10-26,1,1
M0128,P028,Milestone 1,2026-01-13,2026-01-13,0,0
M0129,P028,Milestone 2,2026-02-03,2026-02-03,0,0
M0130,P028,Milestone 3,2025-12-20,2025-12-20,0,0
M0131,P028,Milestone 4,2026-03-08,2026-03-08,0,0
M0132,P029,Milestone 1,2025-03-21,2025-04-04,14,1
M0133,P029,Milestone 2,2025-03-04,2025-03-17,13,1
M0134,P029,Milestone 3,2025-06-08,2025-07-06,28,1
M0135,P029,Milestone 4,2025-03-10,2025-03-22,12,1
M0136,P029,Milestone 5,2025-04-24,2025-05-04,10,1
M0137,P030,Milestone 1,2025-05-15,2025-05-15,0,0
M0138,P030,Milestone 2,2025-02-01,2025-02-01,0,0
M0139,P030,Milestone 3,2025-03-29,2025-03-29,0,0
M0140,P030,Milestone 4,2025-02-19,2025-02-19,0,0
M0141,P030,Milestone 5,2025-02-22,2025-02-22,0,0
M0142,P031,Milestone 1,2025-05-09,2025-05-21,12,1
M0143,P031,Milestone 2,2025-08-19,2025-08-19,0,0
M0144,P031,Milestone 3,2025-08-11,2025-08-16,5,1
M0145,P031,Milestone 4,2025-09-19,2025-09-29,10,1
M0146,P031,Milestone 5,2025-09-20,2025-10-05,15,1
M0147,P031,Milestone 6,2025-08-05,2025-08-05,0,0
M0148,P032,Milestone 1,2025-11-27,2025-12-11,14,1
M0149,P032,Milestone 2,2026-02-12,2026-02-25,13,1
M0150,P032,Milestone 3,2025-11-04,2025-11-09,5,1
M0151,P033,Milestone 1,2025-06-25,2025-06-25,0,0
M0152,P033,Milestone 2,2025-03-10,2025-03-10,0,0
M0153,P033,Milestone 3,2025-06-11,2025-06-11,0,0
M0154,P033,Milestone 4,2025-05-03,2025-05-03,0,0
M0155,P034,Milestone 1,2025-11-18,2025-12-12,24,1
M0156,P034,Milestone 2,2025-11-21,2025-12-08,17,1
M0157,P034,Milestone 3,2025-08-06,2025-08-16,10,1
M0158,P034,Milestone 4,2025-12-04,2025-12-11,7,1
M0159,P034,Milestone 5,2025-10-04,2025-10-26,22,1
M0160,P035,Milestone 1,2025-08-13,2025-08-26,13,1
M0161,P035,Milestone 2,2025-08-03,2025-08-25,22,1
M0162,P035,Milestone 3,2025-08-16,2025-08-24,8,1
M0163,P036,Milestone 1,2025-05-30,2025-06-01,2,1
M0164,P036,Milestone 2,2025-04-10,2025-04-20,10,1
M0165,P036,Milestone 3,2025-07-08,2025-07-15,7,1
M0166,P036,Milestone 4,2025-06-28,2025-07-07,9,1
M0167,P036,Milestone 5,2025-05-18,2025-05-22,4,1
M0168,P037,Milestone 1,2025-09-01,2025-09-01,0,0
M0169,P037,Milestone 2,2025-07-29,2025-07-29,0,0
M0170,P037,Milestone 3,2025-07-27,2025-07-27,0,0
M0171,P037,Milestone 4,2025-10-11,2025-10-11,0,0
M0172,P037,Milestone 5,2025-09-07,2025-09-07,0,0
M0173,P037,Milestone 6,2025-10-09,2025-10-09,0,0
M0174,P038,Milestone 1,2025-09-18,2025-09-23,5,1
M0175,P038,Milestone 2,2025-08-17,2025-08-28,11,1
M0176,P038,Milestone 3,2025-08-16,2025-08-28,12,1
M0177,P038,Milestone 4,2025-08-21,2025-09-17,27,1
M0178,P038,Milestone 5,2025-10-26,2025-11-10,15,1
M0179,P039,Milestone 1,2025-11-08,2025-11-09,1,1
M0180,P039,Milestone 2,2026-01-06,2026-01-19,13,1
M0181,P039,Milestone 3,2025-09-20,2025-09-21,1,1
M0182,P040,Milestone 1,2025-09-11,2025-09-19,8,1
M0183,P040,Milestone 2,2025-07-17,2025-08-01,15,1
M0184,P040,Milestone 3,2025-09-24,2025-09-30,6,1
